Name,Batted,BA,HR,Height,Weight,BMI,BMI_Classification
Denny Lemaster,R,0.13,4,73,182,24.009382623381498,normal
Joe Nolan,L,0.263,27,71,175,24.404879984130133,normal
Denny Doyle,L,0.25,16,69,175,25.84015963032976,overweight
Jose Cardenal,R,0.275,138,70,150,21.520408163265305,normal
Mike Ryan,R,0.193,28,74,205,26.31756756756757,overweight
Fritz Peterson,B,0.159,2,72,185,25.0877700617284,overweight
Dick Bertell,R,0.25,10,72,200,27.12191358024691,overweight
Rod Kanehl,R,0.24100000000000002,6,73,180,23.74554325389379,normal
Juan Bonilla,R,0.256,7,69,170,25.10186935517748,overweight
Frank Tepedino,L,0.24100000000000002,6,71,185,25.799444554651853,overweight
Rick Wise,R,0.195,15,73,180,23.74554325389379,normal
Darrell Evans,L,0.248,414,74,200,25.675675675675674,overweight
Buck Martinez,R,0.225,58,70,190,27.259183673469387,overweight
John Wockenfuss,R,0.262,86,72,190,25.765817901234566,overweight
Tommy McCraw,L,0.24600000000000002,75,72,183,24.816550925925924,normal
Lee Lacy,R,0.28600000000000003,91,73,175,23.085944830174512,normal
Pete Rose,B,0.303,160,71,192,26.775639754017057,overweight
Danny Walton,R,0.223,28,72,195,26.44386574074074,overweight
Bobby Cox,R,0.225,9,71,180,25.102162269390995,overweight
Brad Wellman,R,0.231,6,72,170,23.053626543209877,normal
Jeff Newman,R,0.22399999999999998,63,74,215,27.60135135135135,overweight
Pedro Gonzalez,R,0.244,8,72,176,23.86728395061729,normal
Tommie Reynolds,R,0.226,12,74,190,24.39189189189189,normal
Gene Clines,R,0.27699999999999997,5,69,170,25.10186935517748,overweight
Jim Hickman,R,0.252,159,75,192,23.995733333333334,normal
Jack Billingham,R,0.111,0,76,195,23.73355263157895,normal
Jerry Buchek,R,0.22,22,71,185,25.799444554651853,overweight
Ivan DeJesus,R,0.254,21,71,175,24.404879984130133,normal
Gary Nolan,R,0.138,1,74,197,25.29054054054054,overweight
Fred Whitfield,L,0.253,108,73,190,25.064740101332333,overweight
Larry Dierker,R,0.136,4,76,215,26.167763157894736,overweight
Dave Skaggs,R,0.24100000000000002,3,74,200,25.675675675675674,overweight
Dick Ruthven,R,0.183,1,75,190,23.745777777777775,normal
Dave Kingman,R,0.23600000000000002,442,78,210,24.26528599605523,normal
Eric Soderholm,R,0.264,102,71,187,26.0783574687562,overweight
Ed Brinkman,R,0.22399999999999998,60,72,170,23.053626543209877,normal
Wayne Garrett,L,0.239,61,71,175,24.404879984130133,normal
Tony Muser,L,0.259,7,74,180,23.10810810810811,normal
Ted Ford,R,0.21899999999999997,17,70,180,25.82448979591837,overweight
Jim Lyttle,L,0.248,9,72,180,24.409722222222225,normal
Scot Thompson,L,0.262,5,75,195,24.370666666666665,normal
Gene Locklear,L,0.27399999999999997,9,70,165,23.672448979591838,normal
Bo Diaz,R,0.255,87,71,185,25.799444554651853,overweight
Bump Wills,B,0.266,36,69,172,25.397185465238394,overweight
Pat Putnam,L,0.255,63,72,205,27.79996141975309,overweight
Kurt Bevacqua,R,0.23600000000000002,27,72,180,24.409722222222225,normal
Syd O'Brien,R,0.23,24,73,185,24.405141677613063,normal
Chris Chambliss,L,0.27899999999999997,185,73,195,25.724338525051607,overweight
Tom Satriano,L,0.225,21,73,185,24.405141677613063,normal
Jeffrey Leonard,R,0.266,144,74,200,25.675675675675674,overweight
Dal Maxvill,R,0.217,6,71,157,21.894663757191037,normal
Cesar Tovar,R,0.278,46,69,155,22.88699852972065,normal
Mickey Lolich,B,0.11,0,73,170,22.426346406455245,normal
Jack Heidemann,R,0.21100000000000002,9,72,175,23.731674382716047,normal
Rich Rollins,R,0.26899999999999996,77,70,185,26.541836734693877,overweight
Walt Bond,L,0.256,41,79,228,25.682422688671686,overweight
Merv Rettenmund,R,0.271,66,70,190,27.259183673469387,overweight
Byron Browne,R,0.23600000000000002,30,74,190,24.39189189189189,normal
Hector Torres,R,0.21600000000000003,18,72,175,23.731674382716047,normal
Walt Williams,R,0.27,33,66,165,26.62878787878788,overweight
Jerry Koosman,R,0.11900000000000001,2,74,205,26.31756756756757,overweight
Steve Lombardozzi,R,0.233,20,72,175,23.731674382716047,normal
Joe Azcue,R,0.252,50,72,190,25.765817901234566,overweight
Elliott Maddox,R,0.261,18,71,180,25.102162269390995,overweight
Omar Moreno,L,0.252,37,74,180,23.10810810810811,normal
Julian Javier,R,0.257,78,73,175,23.085944830174512,normal
Elio Chacon,R,0.23199999999999998,4,69,160,23.625288804872927,normal
Rusty Torres,B,0.212,35,70,175,25.107142857142854,overweight
John Stearns,R,0.26,46,72,185,25.0877700617284,overweight
Larry Brown,R,0.233,47,70,160,22.955102040816325,normal
Tommy Dean,R,0.18,4,72,165,22.375578703703702,normal
Marty Martinez,B,0.243,0,72,170,23.053626543209877,normal
Bruce Boisclair,L,0.263,10,74,185,23.75,normal
Ken Singleton,B,0.282,246,76,210,25.559210526315788,overweight
Frank White,R,0.255,160,71,165,23.010315413608414,normal
Jim Fairey,L,0.235,7,70,190,27.259183673469387,overweight
Tom Brookens,R,0.24600000000000002,71,70,165,23.672448979591838,normal
Gary Thomasson,L,0.249,61,73,180,23.74554325389379,normal
Otto Velez,R,0.251,78,72,170,23.053626543209877,normal
Tony Scott,B,0.249,17,72,164,22.239969135802472,normal
Ray Oyler,R,0.175,15,71,165,23.010315413608414,normal
Floyd Robinson,L,0.28300000000000003,67,69,175,25.84015963032976,overweight
Steve Jeltz,B,0.21,5,71,180,25.102162269390995,overweight
Lou Brock,L,0.293,149,71,170,23.70759769886927,normal
Joe Lovitto,B,0.21600000000000003,4,72,185,25.0877700617284,overweight
Wayne Comer,R,0.22899999999999998,16,70,175,25.107142857142854,overweight
Dave Collins,B,0.272,32,71,175,24.404879984130133,normal
Ed Spiezio,R,0.23800000000000002,39,71,180,25.102162269390995,overweight
Rico Petrocelli,R,0.251,210,72,175,23.731674382716047,normal
Johnny Lewis,L,0.22699999999999998,22,73,189,24.932820416588477,normal
Dick Simpson,R,0.207,15,76,176,21.42105263157895,normal
Ken Boswell,L,0.248,31,72,170,23.053626543209877,normal
Ken McMullen,R,0.248,156,75,190,23.745777777777775,normal
Steve Swisher,R,0.21600000000000003,20,74,205,26.31756756756757,overweight
Dick Howser,R,0.248,16,68,155,23.565095155709344,normal
Manny Castillo,B,0.242,3,69,160,23.625288804872927,normal
Mike Ramsey,B,0.24,2,73,170,22.426346406455245,normal
Willie Crawford,L,0.268,86,73,197,25.988177894539312,overweight
Willie Norwood,R,0.242,18,72,185,25.0877700617284,overweight
Jeff Stone,L,0.27699999999999997,11,72,175,23.731674382716047,normal
Joe Lahoud,L,0.223,65,73,198,26.12009757928317,overweight
Tim Flannery,L,0.255,9,71,175,24.404879984130133,normal
Dave McKay,B,0.22899999999999998,21,73,195,25.724338525051607,overweight
Benny Ayala,R,0.251,38,73,185,24.405141677613063,normal
Greg Gross,L,0.287,7,70,160,22.955102040816325,normal
Sal Butera,R,0.22699999999999998,8,72,190,25.765817901234566,overweight
Jack Brohamer,L,0.245,30,70,165,23.672448979591838,normal
Von Joshua,L,0.273,30,70,170,24.389795918367348,normal
Eddie Milner,L,0.253,42,71,173,24.125967070025787,normal
Johnny Jeter,R,0.244,18,73,180,23.74554325389379,normal
Angel Salazar,R,0.212,2,72,180,24.409722222222225,normal
Tony Oliva,L,0.304,220,73,175,23.085944830174512,normal
Cito Gaston,R,0.256,91,75,190,23.745777777777775,normal
Cookie Rojas,R,0.263,54,70,160,22.955102040816325,normal
Rich Morales,R,0.195,6,71,170,23.70759769886927,normal
Dan Ford,R,0.27,121,73,185,24.405141677613063,normal
Darryl Motley,R,0.243,44,69,196,28.94097878596934,overweight
Ozzie Virgil,R,0.243,98,73,180,23.74554325389379,normal
Johnny Oates,L,0.25,14,71,188,26.217813925808372,overweight
Mike Phillips,L,0.24,11,72,170,23.053626543209877,normal
Ron Santo,R,0.27699999999999997,342,72,190,25.765817901234566,overweight
Jay Johnstone,L,0.267,102,73,175,23.085944830174512,normal
Jim Ray Hart,R,0.278,170,71,185,25.799444554651853,overweight
Marc Hill,R,0.223,34,75,205,25.620444444444445,overweight
Chico Salmon,R,0.249,31,70,160,22.955102040816325,normal
Joe Niekro,R,0.156,1,73,185,24.405141677613063,normal
Andy Etchebarren,R,0.235,49,73,190,25.064740101332333,overweight
Ken Berry,R,0.255,58,72,175,23.731674382716047,normal
Dave Concepcion,R,0.267,101,74,155,19.89864864864865,normal
Junior Moore,R,0.264,7,71,185,25.799444554651853,overweight
Mike Richardt,R,0.226,4,72,170,23.053626543209877,normal
Chris Brown,R,0.26899999999999996,38,72,185,25.0877700617284,overweight
Al Bumbry,L,0.281,54,68,170,25.84558823529412,overweight
Al Downing,R,0.127,2,71,175,24.404879984130133,normal
Bob Didier,B,0.22899999999999998,0,72,190,25.765817901234566,overweight
Jake Gibbs,L,0.233,25,72,180,24.409722222222225,normal
Garry Hancock,L,0.247,12,72,175,23.731674382716047,normal
Ed Kranepool,L,0.261,118,75,205,25.620444444444445,overweight
Rick Rhoden,R,0.23800000000000002,9,75,195,24.370666666666665,normal
Denny McLain,R,0.133,1,73,185,24.405141677613063,normal
Chuck Hiller,L,0.243,20,71,170,23.70759769886927,normal
Jorge Orta,L,0.278,130,70,170,24.389795918367348,normal
Dave Cash,R,0.28300000000000003,21,71,170,23.70759769886927,normal
Bucky Dent,R,0.247,40,69,170,25.10186935517748,overweight
Tony Gonzalez,L,0.28600000000000003,103,69,170,25.10186935517748,overweight
Larry Haney,R,0.215,12,74,195,25.033783783783786,overweight
Billy Conigliaro,R,0.256,40,72,180,24.409722222222225,normal
Gary Roenicke,R,0.247,121,75,205,25.620444444444445,overweight
Don Lock,R,0.23800000000000002,122,74,195,25.033783783783786,overweight
Billy Cowan,R,0.23600000000000002,40,72,170,23.053626543209877,normal
Billy Smith,B,0.23,17,74,185,23.75,normal
Tony Perez,R,0.27899999999999997,379,74,175,22.466216216216218,normal
Chuck Schilling,R,0.239,23,70,160,22.955102040816325,normal
Hal McRae,R,0.29,191,71,180,25.102162269390995,overweight
Dave Roberts,R,0.239,49,75,215,26.87022222222222,overweight
Jim Lefebvre,B,0.251,74,72,180,24.409722222222225,normal
Charlie Spikes,R,0.24600000000000002,65,75,215,26.87022222222222,overweight
Steve Whitaker,L,0.23,24,72,180,24.409722222222225,normal
Manny Jimenez,L,0.272,26,73,185,24.405141677613063,normal
Duffy Dyer,R,0.221,30,72,187,25.358989197530864,overweight
Ken Henderson,B,0.257,122,74,180,23.10810810810811,normal
Vern Fuller,R,0.23199999999999998,14,73,170,22.426346406455245,normal
Wayne Gross,L,0.233,121,74,210,26.959459459459456,overweight
Mike Champion,R,0.22899999999999998,2,72,185,25.0877700617284,overweight
Paul Casanova,R,0.225,50,76,180,21.907894736842103,normal
Steve Rogers,R,0.138,0,74,175,22.466216216216218,normal
Terry Crowley,L,0.25,42,72,180,24.409722222222225,normal
Horace Clarke,B,0.256,27,69,170,25.10186935517748,overweight
Lou Clinton,R,0.247,65,73,185,24.405141677613063,normal
Larry Cox,R,0.221,12,70,178,25.537551020408163,overweight
Nate Colbert,R,0.243,173,74,190,24.39189189189189,normal
Phil Roof,R,0.215,43,74,190,24.39189189189189,normal
Chuck Hinton,R,0.264,113,73,180,23.74554325389379,normal
Tim Cullen,R,0.22,9,73,185,24.405141677613063,normal
Tim Harkness,L,0.235,14,74,182,23.364864864864867,normal
Rick Bosetti,R,0.25,17,71,185,25.799444554651853,overweight
Ron Pruitt,R,0.26899999999999996,12,72,185,25.0877700617284,overweight
George Foster,R,0.27399999999999997,348,73,180,23.74554325389379,normal
Jerry White,B,0.253,21,70,164,23.528979591836734,normal
Angel Mangual,R,0.245,22,70,178,25.537551020408163,overweight
Ken Gerhart,R,0.221,24,72,190,25.765817901234566,overweight
Mike Hershberger,R,0.252,26,70,175,25.107142857142854,overweight
Jim French,L,0.196,5,68,180,27.3659169550173,overweight
Dave Roberts,L,0.19399999999999998,7,75,195,24.370666666666665,normal
Jim Mason,L,0.203,12,74,185,23.75,normal
Willie Smith,L,0.248,46,72,182,24.68094135802469,normal
Jose Arcia,R,0.215,1,75,170,21.24622222222222,normal
Leon Durham,L,0.27699999999999997,147,73,185,24.405141677613063,normal
Paul Householder,B,0.23600000000000002,29,72,180,24.409722222222225,normal
Aurelio Rodriguez,R,0.237,124,70,180,25.82448979591837,overweight
Jimmy Stewart,B,0.237,8,72,165,22.375578703703702,normal
Dick Phillips,L,0.22899999999999998,12,72,180,24.409722222222225,normal
Andres Thomas,R,0.23399999999999999,42,73,170,22.426346406455245,normal
Ed Crosby,L,0.22,0,74,175,22.466216216216218,normal
Mike de la Hoz,R,0.251,25,71,175,24.404879984130133,normal
Frank Taveras,R,0.255,2,72,155,21.019483024691358,normal
Joe Nossek,R,0.228,3,72,178,24.138503086419753,normal
Larry Stahl,L,0.23199999999999998,36,72,175,23.731674382716047,normal
Jose Cruz,L,0.284,165,72,170,23.053626543209877,normal
Don Mason,L,0.205,3,71,160,22.313033128347552,normal
Bill Robinson,R,0.258,166,74,189,24.263513513513512,normal
Sal Bando,R,0.254,242,72,195,26.44386574074074,overweight
George Mitterwald,R,0.23600000000000002,76,74,195,25.033783783783786,overweight
Craig Robinson,R,0.21899999999999997,0,70,165,23.672448979591838,normal
Bob Tillman,R,0.23199999999999998,79,76,205,24.950657894736842,normal
Pat Corrales,R,0.21600000000000003,4,72,180,24.409722222222225,normal
Mike Tyson,R,0.24100000000000002,27,69,170,25.10186935517748,overweight
Rafael Landestoy,B,0.237,4,70,165,23.672448979591838,normal
Duane Josephson,R,0.258,23,72,190,25.765817901234566,overweight
Duane Walker,L,0.22899999999999998,24,72,185,25.0877700617284,overweight
Glenn Hubbard,R,0.244,70,69,150,22.148708254568366,normal
Roger Freed,R,0.245,22,72,190,25.765817901234566,overweight
George Hendrick,R,0.278,267,75,195,24.370666666666665,normal
Rod Carew,L,0.32799999999999996,92,72,170,23.053626543209877,normal
Bob Davis,R,0.19699999999999998,6,72,180,24.409722222222225,normal
Toby Harrah,R,0.264,195,72,175,23.731674382716047,normal
Rick Manning,L,0.257,56,73,180,23.74554325389379,normal
Gary Matthews,R,0.281,234,74,185,23.75,normal
Cesar Geronimo,L,0.258,51,72,165,22.375578703703702,normal
Billy Bryan,L,0.21600000000000003,41,76,200,24.342105263157897,normal
Terry Whitfield,L,0.281,33,73,197,25.988177894539312,overweight
Mario Mendoza,R,0.215,4,71,170,23.70759769886927,normal
Fred Lynn,L,0.28300000000000003,306,73,185,24.405141677613063,normal
Larry Hisle,R,0.273,166,74,193,24.777027027027028,normal
Graig Nettles,L,0.248,390,72,180,24.409722222222225,normal
Dave Engle,R,0.262,31,75,210,26.24533333333333,overweight
Mike Easler,L,0.293,118,72,190,25.765817901234566,overweight
Rick Sweet,B,0.23399999999999999,6,73,200,26.383936948770877,overweight
Thurman Munson,R,0.292,113,71,190,26.496726839912714,overweight
Rick Monday,L,0.264,241,75,193,24.120711111111113,normal
Mike Sadek,R,0.226,5,69,165,24.363579080025207,normal
Mark Belanger,R,0.228,20,73,170,22.426346406455245,normal
Ron Hunt,R,0.273,39,72,186,25.22337962962963,overweight
Joe Keough,L,0.24600000000000002,9,72,185,25.0877700617284,overweight
Vic Correll,R,0.22899999999999998,29,70,185,26.541836734693877,overweight
Jackie Hernandez,R,0.20800000000000002,12,71,165,23.010315413608414,normal
Tony Solaita,L,0.255,50,72,210,28.47800925925926,overweight
U L Washington,B,0.251,27,71,175,24.404879984130133,normal
Joe Foy,R,0.248,58,72,215,29.156057098765434,overweight
Ed Goodson,L,0.26,30,75,180,22.496000000000002,normal
Mickey Klutts,R,0.24100000000000002,14,71,170,23.70759769886927,normal
Leroy Stanton,R,0.244,77,73,195,25.724338525051607,overweight
Danny Ainge,R,0.22,2,76,175,21.29934210526316,normal
Adolfo Phillips,R,0.247,59,73,175,23.085944830174512,normal
Marv Breeding,R,0.25,7,72,175,23.731674382716047,normal
Dick McAuliffe,L,0.247,197,71,176,24.544336441182303,normal
Joe Horlen,R,0.134,0,72,170,23.053626543209877,normal
Glenn Burke,R,0.237,2,72,195,26.44386574074074,overweight
Terry Humphrey,R,0.21100000000000002,6,75,185,23.120888888888892,normal
Enzo Hernandez,R,0.22399999999999998,2,68,155,23.565095155709344,normal
Cesar Gutierrez,R,0.235,0,69,155,22.88699852972065,normal
Coco Laboy,R,0.233,28,70,165,23.672448979591838,normal
Ted Kubiak,B,0.231,13,72,175,23.731674382716047,normal
Jim Morrison,R,0.26,112,71,175,24.404879984130133,normal
Bobby Knoop,R,0.23600000000000002,56,73,170,22.426346406455245,normal
Bobby Brown,B,0.245,26,74,190,24.39189189189189,normal
Tom Hutton,L,0.248,22,71,180,25.102162269390995,overweight
Ron Hodges,L,0.24,19,73,185,24.405141677613063,normal
Rich Chiles,L,0.254,6,71,170,23.70759769886927,normal
Tom Paciorek,R,0.282,86,76,215,26.167763157894736,overweight
Gary Woods,R,0.243,13,74,185,23.75,normal
Bob Montgomery,R,0.258,23,73,195,25.724338525051607,overweight
Jeff Burroughs,R,0.261,240,73,200,26.383936948770877,overweight
Rusty Staub,L,0.27899999999999997,292,74,190,24.39189189189189,normal
Jim Norris,L,0.264,7,70,175,25.107142857142854,overweight
Oscar Gamble,L,0.265,200,71,160,22.313033128347552,normal
George Vukovich,L,0.268,27,72,198,26.850694444444446,overweight
Craig Reynolds,L,0.256,42,73,175,23.085944830174512,normal
Paul Blair,R,0.25,134,72,168,22.782407407407412,normal
Al Cowens,R,0.27,108,73,197,25.988177894539312,overweight
Al Oliver,L,0.303,219,72,195,26.44386574074074,overweight
Dave Hilton,R,0.213,6,71,191,26.636183296964887,overweight
Luis Alvarado,R,0.214,5,69,162,23.92060491493384,normal
Larry Parrish,R,0.263,256,75,190,23.745777777777775,normal
Woodie Fryman,R,0.138,2,75,197,24.62062222222222,normal
Bob Randall,R,0.257,1,74,175,22.466216216216218,normal
Jim Pankovits,R,0.25,9,70,170,24.389795918367348,normal
Carmen Fanzone,R,0.22399999999999998,20,72,200,27.12191358024691,overweight
Gary Allenson,R,0.221,19,71,185,25.799444554651853,overweight
Milt May,L,0.263,77,72,190,25.765817901234566,overweight
Mike Vail,R,0.27899999999999997,34,73,180,23.74554325389379,normal
Nick Esasky,R,0.25,122,75,200,24.995555555555555,normal
Jim Nettles,L,0.22,16,72,186,25.22337962962963,overweight
Chris Cannizzaro,R,0.235,18,72,190,25.765817901234566,overweight
Larry Biittner,L,0.273,29,74,205,26.31756756756757,overweight
Mel Stottlemyre,R,0.16,7,73,178,23.48170388440608,normal
Roy Smalley,B,0.257,163,73,185,24.405141677613063,normal
Andy Messersmith,R,0.17,5,73,200,26.383936948770877,overweight
Richie Zisk,R,0.287,207,73,200,26.383936948770877,overweight
Dave Chalk,R,0.252,15,70,175,25.107142857142854,overweight
Don Baylor,R,0.26,338,73,190,25.064740101332333,overweight
John Vukovich,R,0.161,6,73,187,24.668981047100768,normal
Danny Thompson,R,0.248,15,72,183,24.816550925925924,normal
Joe Simpson,L,0.242,9,75,175,21.871111111111112,normal
Bill Fahey,L,0.24100000000000002,7,72,200,27.12191358024691,overweight
Doug Camilli,R,0.19899999999999998,18,71,195,27.19400912517358,overweight
Bernie Allen,L,0.239,73,72,175,23.731674382716047,normal
Bruce Bochy,R,0.239,26,75,205,25.620444444444445,overweight
Claudell Washington,L,0.278,164,72,190,25.765817901234566,overweight
John Donaldson,L,0.23800000000000002,4,71,160,22.313033128347552,normal
John Mayberry,L,0.253,255,75,215,26.87022222222222,overweight
Ken Reitz,R,0.26,68,72,180,24.409722222222225,normal
Amos Otis,R,0.27699999999999997,193,71,165,23.010315413608414,normal
Gene Alley,R,0.254,55,70,160,22.955102040816325,normal
Ted Sizemore,R,0.262,23,70,165,23.672448979591838,normal
Dan Briggs,L,0.195,12,72,180,24.409722222222225,normal
Doug Flynn,R,0.23800000000000002,7,71,165,23.010315413608414,normal
Ken Holtzman,R,0.163,2,74,175,22.466216216216218,normal
Pete Ward,L,0.254,98,73,185,24.405141677613063,normal
Kevin Bell,R,0.222,13,72,195,26.44386574074074,overweight
Tom Nieto,R,0.205,5,73,193,25.46049915556389,overweight
Duke Sims,L,0.239,100,74,197,25.29054054054054,overweight
Larvell Blanks,R,0.253,20,68,167,25.389489619377166,overweight
Mike Davis,L,0.259,91,74,175,22.466216216216218,normal
Jerry Reuss,L,0.16699999999999998,1,77,200,23.713948389273064,normal
Steve Yeager,R,0.228,102,72,190,25.765817901234566,overweight
Danny Goodwin,L,0.23600000000000002,13,73,195,25.724338525051607,overweight
Bud Harrelson,B,0.23600000000000002,7,71,160,22.313033128347552,normal
Bob Knepper,L,0.13699999999999998,6,75,195,24.370666666666665,normal
Mickey Rivers,L,0.295,61,70,165,23.672448979591838,normal
Jim Northrup,L,0.267,153,75,190,23.745777777777775,normal
John Hale,L,0.201,14,74,195,25.033783783783786,overweight
Pedro Garcia,R,0.22,37,70,175,25.107142857142854,overweight
Carl Yastrzemski,L,0.285,452,71,175,24.404879984130133,normal
Derrel Thomas,B,0.249,43,72,160,21.69753086419753,normal
Art Howe,R,0.26,43,74,190,24.39189189189189,normal
Ike Brown,R,0.256,20,72,190,25.765817901234566,overweight
Howie Goss,R,0.21600000000000003,11,76,204,24.82894736842105,normal
Glenn Borgmann,R,0.22899999999999998,16,76,210,25.559210526315788,overweight
Lamar Johnson,R,0.287,64,74,215,27.60135135135135,overweight
Julio Gonzalez,R,0.235,4,71,162,22.591946042451895,normal
Bobby Klaus,R,0.20800000000000002,6,70,170,24.389795918367348,normal
Manny Sanguillen,R,0.29600000000000004,65,72,193,26.172646604938272,overweight
Gates Brown,L,0.257,84,71,220,30.68042055147788,obese
Johnny Ray,B,0.29,53,71,170,23.70759769886927,normal
Jesus Alou,R,0.28,32,74,190,24.39189189189189,normal
Ken Landreaux,L,0.268,91,70,165,23.672448979591838,normal
Enos Cabell,R,0.27699999999999997,60,76,170,20.69078947368421,normal
Billy North,B,0.261,20,71,185,25.799444554651853,overweight
Juan Beniquez,R,0.27399999999999997,79,71,150,20.918468557825825,normal
Frank Fernandez,R,0.19899999999999998,39,72,185,25.0877700617284,overweight
Bombo Rivera,R,0.265,10,70,187,26.828775510204082,overweight
Steve Brye,R,0.258,30,72,190,25.765817901234566,overweight
Ron Jackson,R,0.259,56,72,200,27.12191358024691,overweight
Roger Metzger,B,0.231,5,72,165,22.375578703703702,normal
Rufino Linares,R,0.27,11,72,170,23.053626543209877,normal
Ray Webster,L,0.244,17,72,185,25.0877700617284,overweight
Bob Kearney,R,0.233,27,72,190,25.765817901234566,overweight
Fergie Jenkins,R,0.165,13,77,205,24.306797099004893,normal
Dick Dietz,R,0.261,66,73,195,25.724338525051607,overweight
Ted Cox,R,0.245,10,75,195,24.370666666666665,normal
Bobby Mitchell,L,0.243,3,70,170,24.389795918367348,normal
Bobby Mitchell,R,0.235,21,75,185,23.120888888888892,normal
Barry Evans,R,0.251,2,73,180,23.74554325389379,normal
Mickey Brantley,R,0.259,32,70,180,25.82448979591837,overweight
Al Gallagher,R,0.263,11,72,180,24.409722222222225,normal
Hector Cruz,R,0.225,39,71,170,23.70759769886927,normal
Fred Norman,B,0.125,0,68,155,23.565095155709344,normal
Woody Woodward,R,0.23600000000000002,1,74,180,23.10810810810811,normal
Ted Martinez,R,0.24,7,72,165,22.375578703703702,normal
Jim Anderson,R,0.218,13,72,170,23.053626543209877,normal
Lenn Sakata,R,0.23,25,69,160,23.625288804872927,normal
Dave Duncan,R,0.214,109,74,190,24.39189189189189,normal
Randy Jones,R,0.132,0,72,178,24.138503086419753,normal
Dick Billings,R,0.22699999999999998,16,73,195,25.724338525051607,overweight
Bruce Bochte,L,0.282,100,75,195,24.370666666666665,normal
Bernie Carbo,L,0.264,96,71,173,24.125967070025787,normal
Vic Davalillo,L,0.27899999999999997,36,67,150,23.49075517932724,normal
Burt Hooton,R,0.12300000000000001,4,73,210,27.70313379620942,overweight
Fernando Gonzalez,R,0.235,17,70,165,23.672448979591838,normal
Jim Sundberg,R,0.248,95,72,190,25.765817901234566,overweight
Andy Kosco,R,0.23600000000000002,73,75,205,25.620444444444445,overweight
Steve Huntz,B,0.20600000000000002,16,73,204,26.91161568774629,overweight
Lenny Faedo,R,0.251,5,72,170,23.053626543209877,normal
John Lowenstein,L,0.253,116,72,175,23.731674382716047,normal
Don Kessinger,B,0.252,14,73,170,22.426346406455245,normal
Joe Hague,L,0.239,40,72,195,26.44386574074074,overweight
Bake McBride,L,0.299,63,74,190,24.39189189189189,normal
Dick Davis,R,0.265,27,75,190,23.745777777777775,normal
Richie Scheinblum,B,0.263,13,73,180,23.74554325389379,normal
Ed Herrmann,L,0.24,80,73,195,25.724338525051607,overweight
Bob Molinaro,L,0.264,14,72,190,25.765817901234566,overweight
Mike Hegan,L,0.242,53,73,188,24.800900731844624,normal
Mike Diaz,R,0.247,31,74,195,25.033783783783786,overweight
Tim Foli,R,0.251,25,72,179,24.274112654320987,normal
Alan Knicely,R,0.213,12,72,190,25.765817901234566,overweight
Tim Laudner,R,0.225,77,75,212,26.49528888888889,overweight
Jose Morales,R,0.287,26,71,187,26.0783574687562,overweight
Juan Marichal,R,0.165,4,72,185,25.0877700617284,overweight
Vida Blue,B,0.10400000000000001,4,72,189,25.630208333333336,overweight
Stan Papi,R,0.218,7,72,170,23.053626543209877,normal
Rob Wilfong,L,0.248,39,73,180,23.74554325389379,normal
Steve Henderson,R,0.28,68,74,190,24.39189189189189,normal
Rob Picciolo,R,0.23399999999999999,17,74,185,23.75,normal
Roberto Pena,R,0.245,13,68,170,25.84558823529412,overweight
Bob Dernier,R,0.255,23,72,160,21.69753086419753,normal
Bill Melton,R,0.253,160,74,200,25.675675675675674,overweight
Albert Hall,B,0.251,5,71,155,21.61575084308669,normal
Barbaro Garbey,R,0.267,11,70,170,24.389795918367348,normal
John Milner,L,0.249,131,72,185,25.0877700617284,overweight
Rich Reese,L,0.253,52,75,185,23.120888888888892,normal
Chris Bando,B,0.22699999999999998,27,72,195,26.44386574074074,overweight
Bill Buckner,L,0.289,174,72,185,25.0877700617284,overweight
Jack Hiatt,R,0.251,22,74,190,24.39189189189189,normal
Nelson Mathews,R,0.223,22,76,195,23.73355263157895,normal
Larry Lintz,B,0.22699999999999998,0,69,150,22.148708254568366,normal
Ron Theobald,R,0.248,2,68,165,25.085423875432525,overweight
Rafael Santana,R,0.24600000000000002,13,73,165,21.766747982735975,normal
Jerry Hairston,B,0.258,30,70,170,24.389795918367348,normal
Tommie Aaron,R,0.22899999999999998,13,75,190,23.745777777777775,normal
Steve Dillard,R,0.243,13,73,180,23.74554325389379,normal
George Scott,R,0.268,271,74,200,25.675675675675674,overweight
Ken Walters,R,0.231,11,73,180,23.74554325389379,normal
Gorman Thomas,R,0.225,268,74,210,26.959459459459456,overweight
Paul Dade,R,0.27,10,73,185,24.405141677613063,normal
Darrell Porter,L,0.247,188,72,193,26.172646604938272,overweight
Tim Johnson,L,0.223,0,73,170,22.426346406455245,normal
Fred Stanley,R,0.21600000000000003,10,70,165,23.672448979591838,normal
Larry Bowa,B,0.26,15,70,155,22.23775510204082,normal
Tim Corcoran,L,0.27,12,71,175,24.404879984130133,normal
Jim Spencer,L,0.25,146,74,195,25.033783783783786,overweight
Pete LaCock,L,0.257,27,74,200,25.675675675675674,overweight
Carl Morton,R,0.156,7,72,200,27.12191358024691,overweight
Gary Gray,R,0.24,24,72,187,25.358989197530864,overweight
Matty Alou,L,0.307,31,69,160,23.625288804872927,normal
Jim Dwyer,L,0.26,77,70,165,23.672448979591838,normal
Dalton Jones,L,0.235,41,73,180,23.74554325389379,normal
Rennie Stennett,R,0.27399999999999997,41,71,160,22.313033128347552,normal
Jerry May,R,0.23399999999999999,15,74,190,24.39189189189189,normal
Rich McKinney,R,0.225,20,71,185,25.799444554651853,overweight
Clint Hurdle,L,0.259,32,75,195,24.370666666666665,normal
Mike Andrews,R,0.258,66,75,195,24.370666666666665,normal
Bobby Clark,R,0.239,19,72,190,25.765817901234566,overweight
Cliff Johnson,R,0.258,196,76,215,26.167763157894736,overweight
Donn Clendenon,R,0.27399999999999997,159,76,209,25.4375,overweight
Charlie James,R,0.255,29,73,195,25.724338525051607,overweight
Bob Horner,R,0.27699999999999997,218,73,195,25.724338525051607,overweight
Tom Veryzer,R,0.24100000000000002,14,73,175,23.085944830174512,normal
George Smith,R,0.205,9,70,170,24.389795918367348,normal
Jim Essian,R,0.244,33,74,195,25.033783783783786,overweight
Onix Concepcion,R,0.239,3,66,160,25.821854912764003,overweight
Boots Day,L,0.256,8,69,160,23.625288804872927,normal
Brian Giles,R,0.228,10,73,165,21.766747982735975,normal
Garry Maddox,R,0.285,117,75,175,21.871111111111112,normal
Alex Trevino,R,0.249,23,70,165,23.672448979591838,normal
Jim Price,R,0.214,18,72,192,26.037037037037035,overweight
Felix Millan,R,0.27899999999999997,22,71,172,23.986510612973614,normal
Steve Garvey,R,0.294,272,70,192,27.54612244897959,overweight
Don Mincher,L,0.249,200,75,205,25.620444444444445,overweight
Tony Cloninger,R,0.192,11,72,210,28.47800925925926,overweight
Jim Gosger,L,0.226,30,71,185,25.799444554651853,overweight
Chuck Harrison,R,0.23800000000000002,17,70,185,26.541836734693877,overweight
Mike Ivie,R,0.26899999999999996,81,75,205,25.620444444444445,overweight
Bob Veale,B,0.114,0,78,212,24.496383957922422,normal
Marvell Wynne,L,0.247,40,71,175,24.404879984130133,normal
Dusty Baker,R,0.278,242,74,183,23.493243243243242,normal
Tucker Ashford,R,0.218,6,73,195,25.724338525051607,overweight
Ned Yost,R,0.212,16,73,190,25.064740101332333,overweight
Bob Stinson,B,0.25,33,71,180,25.102162269390995,overweight
Gaylord Perry,R,0.131,6,76,205,24.950657894736842,normal
Dave Marshall,L,0.24600000000000002,16,73,182,24.009382623381498,normal
Mickey Hatcher,R,0.28,38,74,200,25.675675675675674,overweight
Roger Repoz,L,0.22399999999999998,82,75,190,23.745777777777775,normal
John Orsino,R,0.249,40,75,215,26.87022222222222,overweight
Johnny Briggs,L,0.253,139,73,190,25.064740101332333,overweight
Dave Hostetler,R,0.22899999999999998,37,76,215,26.167763157894736,overweight
Bob Jones,L,0.221,20,74,195,25.033783783783786,overweight
Keith Hernandez,L,0.29600000000000004,162,72,180,24.409722222222225,normal
Dean Chance,R,0.066,0,75,200,24.995555555555555,normal
Willie Upshaw,L,0.262,123,72,185,25.0877700617284,overweight
Dick Green,R,0.24,80,70,180,25.82448979591837,overweight
Dane Iorg,L,0.276,14,72,180,24.409722222222225,normal
Richie Hebner,L,0.276,203,73,195,25.724338525051607,overweight
Fran Healy,R,0.25,20,77,220,26.085343228200372,overweight
Doc Edwards,R,0.23800000000000002,15,74,215,27.60135135135135,overweight
Sandy Alomar,B,0.245,13,69,140,20.67212770426381,normal
Joe Strain,R,0.25,1,70,169,24.246326530612244,normal
Gene Richards,L,0.29,26,72,175,23.731674382716047,normal
Buddy Bell,R,0.27899999999999997,201,73,180,23.74554325389379,normal
Al Woods,L,0.271,35,75,190,23.745777777777775,normal
Rudy Law,L,0.271,18,73,165,21.766747982735975,normal
Jody Davis,R,0.245,127,76,192,23.368421052631575,normal
Mike Edwards,R,0.25,2,70,154,22.094285714285714,normal
Deron Johnson,R,0.244,245,74,200,25.675675675675674,overweight
John Denny,R,0.17,0,75,185,23.120888888888892,normal
Don Wert,R,0.242,77,70,162,23.242040816326533,normal
Mike Fiore,L,0.22699999999999998,13,72,175,23.731674382716047,normal
Miguel Dilone,B,0.265,6,72,160,21.69753086419753,normal
Greg Luzinski,R,0.276,307,73,220,29.022330643647965,overweight
Bobby Tolan,L,0.265,86,71,170,23.70759769886927,normal
Ron Woods,R,0.233,26,70,168,24.102857142857143,normal
Tony Horton,R,0.268,76,75,210,26.24533333333333,overweight
Randy Hundley,R,0.23600000000000002,82,71,170,23.70759769886927,normal
Jose Tartabull,L,0.261,2,71,165,23.010315413608414,normal
Ben Oglivie,L,0.273,235,74,160,20.54054054054054,normal
Bob Johnson,R,0.272,44,70,175,25.107142857142854,overweight
Don Buford,B,0.264,93,67,160,25.056805524615722,overweight
Duane Kuiper,L,0.271,1,72,175,23.731674382716047,normal
Brant Alyea,R,0.247,38,75,215,26.87022222222222,overweight
Jerry Narron,L,0.21100000000000002,21,75,205,25.620444444444445,overweight
Lou Johnson,R,0.258,48,71,170,23.70759769886927,normal
Ken Retzer,L,0.264,14,72,185,25.0877700617284,overweight
Mike Brown,R,0.265,23,74,195,25.033783783783786,overweight
Greg Walker,L,0.26,113,75,205,25.620444444444445,overweight
Terry Harper,R,0.253,36,76,195,23.73355263157895,normal
Jerry Royster,R,0.249,40,72,165,22.375578703703702,normal
Barry Bonnell,R,0.272,56,75,190,23.745777777777775,normal
Tom Seaver,R,0.154,12,73,195,25.724338525051607,overweight
Jerry Martin,R,0.251,85,73,195,25.724338525051607,overweight
Bill Stein,R,0.267,44,70,170,24.389795918367348,normal
Joel Youngblood,R,0.265,80,72,180,24.409722222222225,normal
Reggie Jackson,L,0.262,563,72,195,26.44386574074074,overweight
Sonny Jackson,L,0.251,7,69,150,22.148708254568366,normal
Rodney Scott,B,0.23600000000000002,3,72,160,21.69753086419753,normal
Rich Coggins,L,0.265,12,68,170,25.84558823529412,overweight
Phil Gagliano,R,0.23800000000000002,14,73,180,23.74554325389379,normal
Jerry McNertney,R,0.237,27,72,180,24.409722222222225,normal
Mitchell Page,L,0.266,72,74,205,26.31756756756757,overweight
Kiko Garcia,R,0.239,12,71,180,25.102162269390995,overweight
Larry Milbourne,B,0.254,11,72,161,21.833140432098766,normal
Bill Sudakis,B,0.23399999999999999,59,73,190,25.064740101332333,overweight
Domingo Ramos,R,0.24,8,70,154,22.094285714285714,normal
Ron Oester,B,0.265,42,74,185,23.75,normal
Glenn Adams,L,0.28,34,73,180,23.74554325389379,normal
Joe Morgan,L,0.271,268,67,160,25.056805524615722,overweight
R.J. Reynolds,B,0.267,35,72,190,25.765817901234566,overweight
Lee Thomas,L,0.255,106,74,195,25.033783783783786,overweight
Ray Fosse,R,0.256,61,74,215,27.60135135135135,overweight
Paul Popovich,B,0.233,14,72,175,23.731674382716047,normal
John Stephenson,L,0.21600000000000003,12,71,180,25.102162269390995,overweight
Doug Clemens,L,0.22899999999999998,12,72,180,24.409722222222225,normal
Orlando Mercado,R,0.19899999999999998,7,72,180,24.409722222222225,normal
Charley Smith,R,0.239,69,73,170,22.426346406455245,normal
Buddy Biancalana,B,0.205,6,71,160,22.313033128347552,normal
Bob Uecker,R,0.2,14,73,190,25.064740101332333,overweight
Felix Torres,R,0.254,27,71,165,23.010315413608414,normal
Steve Braun,L,0.271,52,70,180,25.82448979591837,overweight
Ray Knight,R,0.271,84,73,185,24.405141677613063,normal
Ty Cline,L,0.23800000000000002,6,72,170,23.053626543209877,normal
Thad Bosley,L,0.272,20,75,175,21.871111111111112,normal
Bobby Grich,R,0.266,224,74,180,23.10810810810811,normal
Jimmie Hall,L,0.254,121,72,175,23.731674382716047,normal
John Boccabella,R,0.21899999999999997,26,73,195,25.724338525051607,overweight
Brock Davis,L,0.26,1,70,160,22.955102040816325,normal
Curt Blefary,L,0.237,112,74,195,25.033783783783786,overweight
Mack Jones,L,0.252,133,73,180,23.74554325389379,normal
Buddy Bradford,R,0.226,52,71,170,23.70759769886927,normal
Hosken Powell,L,0.259,17,73,175,23.085944830174512,normal
Dave Stapleton,R,0.271,41,73,178,23.48170388440608,normal
Gary Ward,R,0.276,130,74,195,25.033783783783786,overweight
Jim Lonborg,R,0.136,3,77,200,23.713948389273064,normal
Joe Lis,R,0.233,32,72,175,23.731674382716047,normal
Dan Meyer,L,0.253,86,71,180,25.102162269390995,overweight
Jim Holt,L,0.265,19,72,180,24.409722222222225,normal
Larry Herndon,R,0.27399999999999997,107,75,190,23.745777777777775,normal
Wallace Johnson,B,0.255,5,72,173,23.460455246913575,normal
Eddie Leon,R,0.23600000000000002,24,72,170,23.053626543209877,normal
Jim Wohlford,R,0.26,21,71,175,24.404879984130133,normal
J.R. Richard,R,0.168,10,80,222,24.385312499999998,normal
Bill Voss,L,0.22699999999999998,19,74,160,20.54054054054054,normal
Keith Moreland,R,0.27899999999999997,121,72,190,25.765817901234566,overweight
Alex Johnson,R,0.28800000000000003,78,72,205,27.79996141975309,overweight
Wayne Krenchicki,L,0.266,15,73,180,23.74554325389379,normal
Dave Rosello,R,0.23600000000000002,10,71,160,22.313033128347552,normal
Paul Schaal,R,0.244,57,71,165,23.010315413608414,normal
Tito Landrum,R,0.249,13,71,175,24.404879984130133,normal
Dave Edwards,R,0.237,14,72,170,23.053626543209877,normal
Mario Guerrero,R,0.257,7,70,155,22.23775510204082,normal
Tom Tresh,B,0.245,153,73,180,23.74554325389379,normal
Ron Roenicke,B,0.23800000000000002,17,72,180,24.409722222222225,normal
Doug Griffin,R,0.245,7,72,160,21.69753086419753,normal
Steve Blass,R,0.172,1,72,165,22.375578703703702,normal
Johnnie LeMaster,R,0.222,22,74,165,21.18243243243243,normal
Nate Oliver,R,0.226,2,70,160,22.955102040816325,normal
Ray Sadecki,L,0.191,5,71,180,25.102162269390995,overweight
Ken Rudolph,R,0.213,6,73,180,23.74554325389379,normal
Wayne Nordhagen,R,0.282,39,74,205,26.31756756756757,overweight
Biff Pocoroba,B,0.257,21,70,175,25.107142857142854,overweight
Len Matuszek,L,0.23399999999999999,30,74,190,24.39189189189189,normal
Joe Lefebvre,L,0.258,31,70,170,24.389795918367348,normal
Jim Maloney,L,0.201,7,74,190,24.39189189189189,normal
Andre Robertson,R,0.251,5,70,155,22.23775510204082,normal
Jerry Zimmerman,R,0.204,3,74,185,23.75,normal
Chet Lemon,R,0.273,215,72,190,25.765817901234566,overweight
Phil Mankowski,L,0.264,8,72,180,24.409722222222225,normal
Cleon Jones,R,0.281,93,72,185,25.0877700617284,overweight
Joaquin Andujar,B,0.127,5,72,170,23.053626543209877,normal
Mike Lum,L,0.247,90,72,180,24.409722222222225,normal
Johnny Grubb,L,0.278,99,75,175,21.871111111111112,normal
Curt Motton,R,0.213,25,68,164,24.933391003460205,normal
Johnny Bench,R,0.267,389,73,197,25.988177894539312,overweight
Dale Berra,R,0.23600000000000002,49,72,180,24.409722222222225,normal
Bob Meacham,B,0.23600000000000002,8,73,175,23.085944830174512,normal
Carl Warwick,R,0.248,31,70,170,24.389795918367348,normal
Sam Bowens,R,0.223,45,73,188,24.800900731844624,normal
George Wright,B,0.245,42,71,180,25.102162269390995,overweight
Luis Aguayo,R,0.23600000000000002,37,69,173,25.54484352026885,overweight
Hal Lanier,R,0.228,8,74,180,23.10810810810811,normal
Len Randle,B,0.257,27,70,169,24.246326530612244,normal
Greg Pryor,R,0.25,14,72,180,24.409722222222225,normal
Jim Traber,L,0.22699999999999998,27,72,194,26.308256172839506,overweight
Dave Nelson,R,0.244,20,70,160,22.955102040816325,normal
Lynn Jones,R,0.252,7,69,175,25.84015963032976,overweight
Bryan Little,B,0.245,3,70,160,22.955102040816325,normal
Ken Suarez,R,0.22699999999999998,5,69,175,25.84015963032976,overweight
Rick Peters,B,0.27699999999999997,2,69,170,25.10186935517748,overweight
Ron Stone,L,0.24100000000000002,6,74,185,23.75,normal
Tommie Agee,R,0.255,130,71,195,27.19400912517358,overweight
Bob Bailey,R,0.257,189,73,180,23.74554325389379,normal
Cap Peterson,R,0.23,19,74,195,25.033783783783786,overweight
Ted Uhlaender,L,0.263,36,74,190,24.39189189189189,normal
Ted Simmons,B,0.285,248,71,193,26.91509621106923,overweight
Bobby Murcer,L,0.27699999999999997,252,71,160,22.313033128347552,normal
Dick Tracewski,R,0.213,8,71,160,22.313033128347552,normal
Bill Nahorodny,R,0.24100000000000002,25,74,200,25.675675675675674,overweight
Bill Madlock,R,0.305,163,71,180,25.102162269390995,overweight
Bob Boone,R,0.254,105,74,195,25.033783783783786,overweight
Steve Kemp,L,0.278,130,72,195,26.44386574074074,overweight
Rick Burleson,R,0.273,50,70,165,23.672448979591838,normal
Carl Taylor,R,0.266,10,74,200,25.675675675675674,overweight
Terry Harmon,R,0.233,4,74,180,23.10810810810811,normal
Mike Hargrove,L,0.29,80,72,195,26.44386574074074,overweight
Steve Hovley,L,0.258,8,70,188,26.97224489795918,overweight
Don Leppert,R,0.22899999999999998,15,74,220,28.243243243243246,overweight
Lee May,R,0.267,354,75,195,24.370666666666665,normal
Sam McDowell,L,0.154,2,77,190,22.52825096980941,normal
Rick Renick,R,0.221,20,72,188,25.494598765432098,overweight
Jeff Torborg,R,0.214,8,72,195,26.44386574074074,overweight
Dave Campbell,R,0.213,20,73,180,23.74554325389379,normal
Pat Kelly,L,0.264,76,73,185,24.405141677613063,normal
Al Weis,B,0.21899999999999997,7,72,160,21.69753086419753,normal
Jerry Turner,L,0.257,45,69,180,26.578449905482042,overweight
Rick Auerbach,R,0.22,9,72,165,22.375578703703702,normal
Don Wilson,R,0.146,1,74,195,25.033783783783786,overweight
Sandy Valdespino,L,0.23,7,68,170,25.84558823529412,overweight
Ken Phelps,L,0.239,123,73,209,27.571214111465565,overweight
Cesar Cedeno,R,0.285,199,74,175,22.466216216216218,normal
Phil Linz,R,0.235,11,73,180,23.74554325389379,normal
Manny Mota,R,0.304,31,70,160,22.955102040816325,normal
Steve Renko,R,0.215,6,77,230,27.271040647664023,overweight
Rick Sofield,L,0.243,9,73,195,25.724338525051607,overweight
Doug DeCinces,R,0.259,237,74,190,24.39189189189189,normal
John Castino,R,0.278,41,71,175,24.404879984130133,normal
Dave May,L,0.251,96,70,186,26.685306122448978,overweight
Ron Washington,R,0.261,20,71,155,21.61575084308669,normal
Billy Grabarkewitz,R,0.23600000000000002,28,70,165,23.672448979591838,normal
Willie Aikens,L,0.271,110,75,220,27.49511111111111,overweight
Earl Williams,R,0.247,138,75,215,26.87022222222222,overweight
Don Hahn,R,0.23600000000000002,7,73,180,23.74554325389379,normal
Todd Cruz,R,0.22,34,72,175,23.731674382716047,normal
Tom Egan,R,0.2,22,76,218,26.532894736842106,overweight
Bob Heise,R,0.247,1,72,175,23.731674382716047,normal
Tommy Harper,R,0.257,146,69,165,24.363579080025207,normal
Joe Wallis,B,0.244,16,71,180,25.102162269390995,overweight
Max Alvis,R,0.247,111,71,185,25.799444554651853,overweight
Rico Carty,R,0.299,204,75,200,24.995555555555555,normal
Mike Cubbage,L,0.258,34,72,180,24.409722222222225,normal
Merritt Ranew,L,0.247,8,71,170,23.70759769886927,normal
Lyman Bostock,L,0.311,23,73,180,23.74554325389379,normal
Damaso Garcia,R,0.28300000000000003,36,73,165,21.766747982735975,normal
Roy Howell,L,0.261,80,73,190,25.064740101332333,overweight
Boog Powell,L,0.266,339,76,230,27.99342105263158,overweight
Sonny Siebert,R,0.17300000000000001,12,75,190,23.745777777777775,normal
Bobby Darwin,R,0.251,83,74,190,24.39189189189189,normal
Dan Driessen,L,0.267,153,71,187,26.0783574687562,overweight
Bruce Miller,R,0.24600000000000002,1,73,185,24.405141677613063,normal
Bob Bailor,R,0.264,9,71,170,23.70759769886927,normal
Tommy Helms,R,0.26899999999999996,34,70,165,23.672448979591838,normal
Tony Armas,R,0.252,251,71,182,25.381075183495337,overweight
Willie Horton,R,0.273,325,71,209,29.146399523903987,overweight
Lou Piniella,R,0.29100000000000004,102,72,182,24.68094135802469,normal
Butch Hobson,R,0.248,98,73,193,25.46049915556389,overweight
John Wathan,R,0.262,21,74,205,26.31756756756757,overweight
Hal King,L,0.214,24,73,200,26.383936948770877,overweight
Mike Krukow,R,0.193,5,77,205,24.306797099004893,normal
Andres Mora,R,0.223,27,72,180,24.409722222222225,normal
Barry Foote,R,0.23,57,75,205,25.620444444444445,overweight
Ed Ott,L,0.259,33,70,190,27.259183673469387,overweight
Alan Wiggins,B,0.259,5,74,160,20.54054054054054,normal
Ron Clark,R,0.18899999999999997,5,70,175,25.107142857142854,overweight
Julio Gotay,R,0.26,6,72,180,24.409722222222225,normal
Gary Alexander,R,0.23,55,74,195,25.033783783783786,overweight
Andre Thornton,R,0.254,253,75,200,24.995555555555555,normal
Bob Oliver,R,0.256,94,75,205,25.620444444444445,overweight
Bob Robertson,R,0.242,115,73,195,25.724338525051607,overweight
Ollie Brown,R,0.265,102,74,178,22.85135135135135,normal
Frank Quilici,R,0.214,5,73,170,22.426346406455245,normal
Joe Pepitone,L,0.258,219,74,185,23.75,normal
Steve Barber,L,0.115,5,72,195,26.44386574074074,overweight
Norm Miller,L,0.23800000000000002,24,70,185,26.541836734693877,overweight
Bob Chance,L,0.261,24,74,196,25.16216216216216,overweight
Julio Cruz,B,0.237,23,69,165,24.363579080025207,normal
Bill Sample,R,0.272,46,69,175,25.84015963032976,overweight
Craig Kusick,R,0.235,46,75,210,26.24533333333333,overweight
Rudy Meoli,L,0.212,2,69,165,24.363579080025207,normal
Ruppert Jones,L,0.25,147,70,170,24.389795918367348,normal
Glenn Hoffman,R,0.242,23,73,175,23.085944830174512,normal
Russ Gibson,R,0.228,8,73,195,25.724338525051607,overweight
Terry Francona,L,0.27399999999999997,16,73,190,25.064740101332333,overweight
John Bateman,R,0.23,81,75,210,26.24533333333333,overweight
Luis Pujols,R,0.193,6,74,175,22.466216216216218,normal
Joe Gaines,R,0.24100000000000002,21,73,190,25.064740101332333,overweight
Doug Rader,R,0.251,155,74,208,26.702702702702705,overweight
Mickey Stanley,R,0.248,117,73,185,24.405141677613063,normal
Phil Bradley,R,0.28600000000000003,78,72,185,25.0877700617284,overweight
Winston Llenas,R,0.23,3,70,165,23.672448979591838,normal
Charlie Moore,R,0.261,36,71,180,25.102162269390995,overweight
Ralph Garr,L,0.306,75,71,185,25.799444554651853,overweight
Tommy John,R,0.157,5,75,180,22.496000000000002,normal
Bruce Benedict,R,0.242,18,73,175,23.085944830174512,normal
John Ellis,R,0.262,69,74,225,28.885135135135133,overweight
Wes Parker,B,0.267,64,73,180,23.74554325389379,normal
David Green,R,0.268,31,75,170,21.24622222222222,normal
Reid Nichols,R,0.266,22,71,165,23.010315413608414,normal
Rick Reichardt,R,0.261,116,75,210,26.24533333333333,overweight
Luis Tiant,R,0.16399999999999998,5,72,180,24.409722222222225,normal
Broderick Perkins,L,0.271,8,70,180,25.82448979591837,overweight
Leon Roberts,R,0.267,78,75,200,24.995555555555555,normal
Ray Burris,R,0.151,1,77,200,23.713948389273064,normal
Len Gabrielson,L,0.253,37,76,210,25.559210526315788,overweight
Johnny Edwards,L,0.242,81,76,220,26.77631578947369,overweight
Tom Grieve,R,0.249,65,74,190,24.39189189189189,normal
Bob Forsch,R,0.213,12,76,200,24.342105263157897,normal
Danny Cater,R,0.276,66,72,170,23.053626543209877,normal
Bill Schroeder,R,0.24,61,74,200,25.675675675675674,overweight
Clay Dalrymple,L,0.233,55,72,190,25.765817901234566,overweight
Carlos May,L,0.27399999999999997,90,71,200,27.891291410434434,overweight
Reggie Smith,B,0.287,314,72,180,24.409722222222225,normal
Ron Reed,R,0.158,0,78,215,24.843030900723207,normal
Davey Johnson,R,0.261,136,73,170,22.426346406455245,normal
Ellis Valentine,R,0.278,123,76,205,24.950657894736842,normal
Roy White,B,0.271,160,70,160,22.955102040816325,normal
Mike Brumley,L,0.22899999999999998,5,70,195,27.976530612244897,overweight
Al Luplow,L,0.235,33,70,175,25.107142857142854,overweight
Dick Allen,R,0.292,351,71,187,26.0783574687562,overweight
Doug Ault,R,0.23600000000000002,17,75,200,24.995555555555555,normal
Mark Wagner,R,0.243,3,72,165,22.375578703703702,normal
Willie Stargell,L,0.282,475,74,188,24.135135135135133,normal
Steve Carlton,L,0.201,13,76,210,25.559210526315788,overweight
Jake Wood,R,0.25,35,73,163,21.502908613248263,normal
Del Unser,L,0.258,87,73,180,23.74554325389379,normal
Bob Brower,R,0.242,17,71,185,25.799444554651853,overweight
Ray Culp,R,0.12300000000000001,1,72,200,27.12191358024691,overweight
Ivan Murrell,R,0.23600000000000002,33,74,195,25.033783783783786,overweight
Lee Mazzilli,B,0.259,93,73,180,23.74554325389379,normal
Garth Iorg,R,0.258,20,71,170,23.70759769886927,normal
Alan Ashby,B,0.245,90,74,185,23.75,normal
Bob Brenly,R,0.247,91,74,210,26.959459459459456,overweight
Ron Blomberg,L,0.293,52,73,195,25.724338525051607,overweight
Jim Rooker,R,0.201,7,72,195,26.44386574074074,overweight
Tim Blackwell,B,0.228,6,71,170,23.70759769886927,normal
Jerry Morales,R,0.259,95,70,155,22.23775510204082,normal
Davey Lopes,R,0.263,155,69,170,25.10186935517748,overweight
Catfish Hunter,R,0.226,6,72,190,25.765817901234566,overweight
Mario Soto,R,0.132,1,72,174,23.596064814814813,normal
Jimmy Wynn,R,0.25,291,70,160,22.955102040816325,normal
Hank Allen,R,0.24100000000000002,6,72,190,25.765817901234566,overweight
Jim Fregosi,R,0.265,151,73,190,25.064740101332333,overweight
Pepe Frias,R,0.24,1,70,159,22.811632653061224,normal
Mike Schmidt,R,0.267,548,74,195,25.033783783783786,overweight
Willie Montanez,L,0.275,139,72,170,23.053626543209877,normal
Rey Quinones,R,0.243,29,71,160,22.313033128347552,normal
Mike Squires,L,0.26,6,71,185,25.799444554651853,overweight
Champ Summers,L,0.255,54,74,205,26.31756756756757,overweight
Bert Campaneris,R,0.259,79,70,160,22.955102040816325,normal
Bobby Valentine,R,0.26,12,70,189,27.11571428571429,overweight
Rob Andrews,R,0.251,3,72,185,25.0877700617284,overweight
Tom Haller,L,0.257,134,76,195,23.73355263157895,normal
Ed Stroud,L,0.237,14,71,180,25.102162269390995,overweight
Ron Swoboda,R,0.242,73,74,195,25.033783783783786,overweight
Harry Spilman,L,0.237,18,73,180,23.74554325389379,normal
Bob Barton,R,0.226,9,72,175,23.731674382716047,normal
Daryl Sconiers,L,0.265,15,74,185,23.75,normal
Joe Torre,R,0.297,252,74,212,27.216216216216218,overweight
Al Ferrara,R,0.259,51,73,200,26.383936948770877,overweight
Sixto Lezcano,R,0.271,148,70,165,23.672448979591838,normal
Dave Nicholson,R,0.212,61,74,215,27.60135135135135,overweight
Freddie Patek,R,0.242,41,65,148,24.625798816568043,normal
Ken Hubbs,R,0.247,14,74,175,22.466216216216218,normal
Pepe Mangual,R,0.242,16,70,157,22.524693877551023,normal
Leron Lee,L,0.25,31,72,196,26.579475308641975,overweight
Steve Ontiveros,B,0.27399999999999997,24,72,185,25.0877700617284,overweight
Willie Davis,L,0.27899999999999997,182,74,180,23.10810810810811,normal
Tom Lawless,R,0.207,2,71,170,23.70759769886927,normal
Jerry Moses,R,0.251,25,75,210,26.24533333333333,overweight
Bobby Bonds,R,0.268,332,73,190,25.064740101332333,overweight
Dave McNally,R,0.133,9,71,185,25.799444554651853,overweight
Darrell Brown,B,0.27399999999999997,1,72,184,24.952160493827158,normal
Roy Foster,R,0.253,45,72,185,25.0877700617284,overweight
Denis Menke,R,0.25,101,72,185,25.0877700617284,overweight
Hal Breeden,R,0.243,21,74,200,25.675675675675674,overweight
Manny Trillo,R,0.263,61,73,150,19.78795271157816,normal
Jackie Gutierrez,R,0.237,4,71,175,24.404879984130133,normal
Jerry Kenney,L,0.237,7,73,170,22.426346406455245,normal
Fred Kendall,R,0.23399999999999999,31,73,185,24.405141677613063,normal
Mike Anderson,R,0.24600000000000002,28,74,200,25.675675675675674,overweight
Joe Charboneau,R,0.266,29,74,205,26.31756756756757,overweight
Jimmie Schaffer,R,0.223,11,69,170,25.10186935517748,overweight
Junior Kennedy,R,0.248,4,71,175,24.404879984130133,normal
Wilbur Howard,B,0.25,6,74,170,21.824324324324323,normal
Rod Gilbreath,R,0.248,14,74,180,23.10810810810811,normal
Mark Brouhard,R,0.259,25,73,210,27.70313379620942,overweight
Mike Young,B,0.247,72,74,195,25.033783783783786,overweight
Chris Speier,R,0.24600000000000002,112,73,175,23.085944830174512,normal
Gene Michael,B,0.22899999999999998,15,74,183,23.493243243243242,normal
Vic Harris,B,0.217,13,71,165,23.010315413608414,normal
Mike Fischlin,R,0.22,3,73,165,21.766747982735975,normal
Don Money,R,0.261,176,73,170,22.426346406455245,normal
Joe Rudi,R,0.264,179,74,200,25.675675675675674,overweight
Jim Rice,R,0.298,382,74,200,25.675675675675674,overweight
Gil Garrido,R,0.237,1,69,150,22.148708254568366,normal
Marty Perez,R,0.24600000000000002,22,71,160,22.313033128347552,normal
Tom Matchick,L,0.215,4,73,173,22.82210546068681,normal
Jack Perconte,L,0.27,2,70,160,22.955102040816325,normal
Ed Kirkpatrick,L,0.23800000000000002,85,71,195,27.19400912517358,overweight
Jerry Grote,R,0.252,39,70,185,26.541836734693877,overweight
Ellie Hendricks,L,0.22,62,73,175,23.085944830174512,normal
Jim Beauchamp,R,0.231,14,74,190,24.39189189189189,normal
Tito Fuentes,B,0.268,45,71,175,24.404879984130133,normal
Ron Brand,R,0.239,3,67,167,26.153040766317663,overweight
Leo Cardenas,R,0.257,118,71,150,20.918468557825825,normal
Art Shamsky,L,0.253,68,73,168,22.162507036967533,normal
Ron Cey,R,0.261,316,70,185,26.541836734693877,overweight
Skip Jutze,R,0.215,3,71,190,26.496726839912714,overweight
Butch Wynegar,B,0.255,65,73,190,25.064740101332333,overweight
Ron LeFlore,R,0.28800000000000003,59,72,200,27.12191358024691,overweight
Bill Russell,R,0.263,46,72,175,23.731674382716047,normal
Gene Tenace,R,0.24100000000000002,201,72,190,25.765817901234566,overweight
Bubba Morton,R,0.267,14,70,175,25.107142857142854,overweight
Ellie Rodriguez,R,0.245,16,71,185,25.799444554651853,overweight
Darrel Chaney,B,0.217,14,74,188,24.135135135135133,normal
Dick Nen,L,0.22399999999999998,21,74,200,25.675675675675674,overweight
Bill Freehan,R,0.262,200,75,203,25.370488888888886,overweight
Steve Nicosia,R,0.248,11,70,185,26.541836734693877,overweight
Ted Savage,R,0.233,34,73,185,24.405141677613063,normal
Pete Mackanin,R,0.226,30,74,190,24.39189189189189,normal
Rich Dauer,R,0.257,43,72,180,24.409722222222225,normal
Mick Kelleher,R,0.213,0,69,176,25.987817685360216,overweight
Rowland Office,L,0.259,32,72,170,23.053626543209877,normal
Rick Leach,L,0.268,18,73,180,23.74554325389379,normal
Dwayne Murphy,L,0.24600000000000002,166,73,185,24.405141677613063,normal
Larry Harlow,L,0.248,12,74,185,23.75,normal
Mike Epstein,L,0.244,130,75,230,28.74488888888889,overweight
Jerry Mumphrey,B,0.289,70,74,185,23.75,normal
Don Sutton,R,0.14400000000000002,0,73,185,24.405141677613063,normal
Glenn Beckert,R,0.28300000000000003,22,73,190,25.064740101332333,overweight
Ron Davis,R,0.233,10,72,175,23.731674382716047,normal
Mike Shannon,R,0.255,68,75,195,24.370666666666665,normal
Jason Thompson,L,0.261,208,76,200,24.342105263157897,normal
Wayne Tolleson,B,0.24100000000000002,9,69,160,23.625288804872927,normal
Mike Jorgensen,L,0.243,95,72,195,26.44386574074074,overweight
Ed Romero,R,0.247,8,71,160,22.313033128347552,normal
Rick Joseph,R,0.243,13,73,192,25.328579470820042,overweight
Cecil Cooper,L,0.298,241,74,165,21.18243243243243,normal
Bill Almon,R,0.254,36,75,180,22.496000000000002,normal
Joe Ferguson,R,0.24,122,74,200,25.675675675675674,overweight
Jerry Terrell,R,0.253,4,71,165,23.010315413608414,normal
Dave Revering,L,0.265,62,76,210,25.559210526315788,overweight
Curt Ford,L,0.245,7,70,150,21.520408163265305,normal
Jerry Dybzinski,R,0.23399999999999999,3,74,180,23.10810810810811,normal
Bob Burda,L,0.22399999999999998,13,71,174,24.26542352707796,normal
Jesse Gonder,L,0.251,26,70,180,25.82448979591837,overweight
Gary Sutherland,R,0.243,24,72,185,25.0877700617284,overweight
Bob Coluccio,R,0.22,26,71,183,25.52053164054751,overweight
Dave Rader,L,0.257,30,71,165,23.010315413608414,normal
Ron Gardenhire,R,0.23199999999999998,4,72,175,23.731674382716047,normal
Bill Sharp,L,0.255,9,70,178,25.537551020408163,overweight
Alan Bannister,R,0.27,19,71,170,23.70759769886927,normal
Bob Watson,R,0.295,184,72,201,27.25752314814815,overweight
Ken Harrelson,R,0.239,131,74,190,24.39189189189189,normal
Bobby Wine,R,0.215,30,73,187,24.668981047100768,normal
John Kennedy,R,0.225,32,72,185,25.0877700617284,overweight
Chico Ruiz,B,0.24,2,72,169,22.918016975308642,normal
Gail Hopkins,L,0.266,25,70,198,28.40693877551021,overweight
Doug Frobel,L,0.201,20,76,196,23.85526315789474,normal
Luis Melendez,R,0.248,9,72,165,22.375578703703702,normal
Bill Plummer,R,0.188,14,73,190,25.064740101332333,overweight
Buck Rodgers,B,0.23199999999999998,31,74,190,24.39189189189189,normal
Phil Niekro,R,0.16899999999999998,7,73,180,23.74554325389379,normal
Tom Poquette,L,0.268,10,70,175,25.107142857142854,overweight
Brian Asselstine,L,0.254,12,73,175,23.085944830174512,normal
Rick Miller,L,0.26899999999999996,28,72,175,23.731674382716047,normal
Ed Charles,R,0.263,86,70,170,24.389795918367348,normal
Luis Gomez,R,0.21,0,69,150,22.148708254568366,normal
Floyd Rayford,R,0.244,38,70,190,27.259183673469387,overweight
Tony Conigliaro,R,0.264,166,75,185,23.120888888888892,normal
Jim Barr,R,0.162,1,75,205,25.620444444444445,overweight
Jerry Remy,L,0.275,7,69,165,24.363579080025207,normal
Frank Duffy,R,0.23199999999999998,26,73,180,23.74554325389379,normal
Tom O'Malley,L,0.256,13,72,180,24.409722222222225,normal
Phil Garner,R,0.26,109,70,175,25.107142857142854,overweight
